Otes,Cranton,ocranton0@barnesandnoble.com,Male,Ndebele,Senior Sales Associate
Faustina,Stanaway,fstanaway1@shareasale.com,Female,Albanian,Systems Administrator II
Lil,Neagle,lneagle2@godaddy.com,Female,Belarusian,Executive Secretary
Kristi,Gallegos,kgallegos3@4shared.com,Female,Oriya,Financial Analyst
Miles,Whittington,mwhittington4@comsenz.com,Male,Somali,Data Coordiator
Wolfgang,Duckett,wduckett5@fc2.com,Male,Ndebele,Help Desk Operator
Marlow,Le Strange,mlestrange6@51.la,Male,Dari,Financial Analyst
Gerri,Gladbach,ggladbach7@friendfeed.com,Male,Fijian,VP Quality Control
Margie,Carson,mcarson8@independent.co.uk,Female,Aymara,Structural Engineer
Fredrick,Vinas,fvinas9@ifeng.com,Male,Spanish,Quality Control Specialist
Alyssa,Marchello,amarchelloa@xinhuanet.com,Female,Hindi,VP Product Management
Devan,Sheward,dshewardb@xrea.com,Female,Icelandic,GIS Technical Architect
Stacy,Lavrinov,slavrinovc@spiegel.de,Non-binary,Greek,Graphic Designer
Rhiamon,Bang,rbangd@google.com.au,Female,MƒÅori,Environmental Specialist
Byron,Dumbreck,bdumbrecke@list-manage.com,Male,Pashto,Software Test Engineer III
Tomaso,Davoren,tdavorenf@cocolog-nifty.com,Male,Greek,Statistician IV
Lee,Thick,lthickg@washingtonpost.com,Male,West Frisian,Analyst Programmer
Peta,Hanscombe,phanscombeh@sun.com,Female,Gagauz,Mechanical Systems Engineer
Terri-jo,Gibbens,tgibbensi@facebook.com,Female,Latvian,Recruiter
Derward,Chittim,dchittimj@gov.uk,Male,Papiamento,Assistant Media Planner